"","group","nb_tot","area_tot","length_tot","area_rel","length_rel","n_rel","n_perc"
"1","infrastructure",1998,26733.7570066033,17869.679721798,7.35052182577322,0.0491331879698801,0.00549355730444746,71.0779082177161
"2","loisirs",646,1593545.04608993,7811.2963138579,438.149701096766,0.0214773793404392,0.00177619520454107,22.9811454998221
"3","aménité",149,50476.3640055404,91.4968008012632,13.878618527757,0.000251573032219897,0.000409679698880216,5.30060476698684
"4","bâti",6,0,0,0,0,1.64971690824248e-05,0.213447171824973
"5","environnement",12,15141.5549918292,0,4.16321321451733,0,3.29943381648496e-05,0.426894343649947
